<?xml version="1.0" encoding="UTF-8" standalone="yes"?>
<SharedFlowBundle revision="1" name="MBank-Shared">
    <ConfigurationVersion majorVersion="4" minorVersion="0"/>
    <CreatedAt>1596794212707</CreatedAt>
    <CreatedBy>gkumararaja@hotmail.com</CreatedBy>
    <Description>MBank shared flow policies</Description>
    <DisplayName>MBank-Shared</DisplayName>
    <LastModifiedAt>1596794376174</LastModifiedAt>
    <LastModifiedBy>gkumararaja@hotmail.com</LastModifiedBy>
    <ManifestVersion>SHA-512:fde988b5f571c45dbfe26b826d9abd0ac52f6821b0d8622faa913ccbaadcf52dd342cf63564e9fa01988c3ed49dc5c41e0e3245e18f30c46a4cc45c9d0668f4a</ManifestVersion>
    <Policies>
        <Policy>Quota-1</Policy>
        <Policy>Spike-Arrest-1</Policy>
        <Policy>Verify-API-Key-1</Policy>
    </Policies>
    <Resources/>
    <Spec></Spec>
    <subType>SharedFlow</subType>
    <SharedFlows>
        <SharedFlow>default</SharedFlow>
    </SharedFlows>
</SharedFlowBundle>
