<?xml version="1.0" encoding="UTF-8" standalone="yes"?>
<Manifest name="manifest">
    <Policies>
        <VersionInfo resourceName="Quota-1" version="SHA-512:55270102edb71ea171d64b7cbd5bb3c92a528815d6056a943300db8f52a506090057ffce67d8dd14bf12cae790d53369f0f8beb285df51f374501fb06a074bae"/>
        <VersionInfo resourceName="Spike-Arrest-1" version="SHA-512:7888cac513a9a43974c7c08c1f5b83c58da99d9873004028dccedb9a5f3d168c9e9f246b2d1db2893a60462bf50f5c4440177010d18fbe897e9bdefd780c6aef"/>
        <VersionInfo resourceName="Verify-API-Key-1" version="SHA-512:231ec461539cab963434dbba0f1525ddf633c644ef326d0f9313f220069d73dba309a80583e19e6bebdf99b310938e6afa0618f3cc4b343f26925e3fac639663"/>
    </Policies>
    <ProxyEndpoints/>
    <Resources/>
    <SharedFlows>
        <VersionInfo resourceName="default" version="SHA-512:7a3c94baac0631587b166291727a9d6bb877f2f6ad71a7c838ef9480b0fe2b5176d6a21fb5da64f1bd5d3352672cde3886dc71fc92c2e317e5d4614fd8595252"/>
    </SharedFlows>
    <TargetEndpoints/>
</Manifest>
