<?xml version="1.0" encoding="UTF-8" standalone="yes"?>
<SharedFlowBundle revision="2" name="testshared">
    <ConfigurationVersion majorVersion="4" minorVersion="0"/>
    <CreatedAt>1596745801788</CreatedAt>
    <CreatedBy>gkumararaja@hotmail.com</CreatedBy>
    <Description>test shared flow</Description>
    <DisplayName>testshared</DisplayName>
    <LastModifiedAt>1596745801788</LastModifiedAt>
    <LastModifiedBy>gkumararaja@hotmail.com</LastModifiedBy>
    <ManifestVersion>SHA-512:15ff0ccff0c253f2dfd3c3af28bb17165871466c09bcb8d0ff05f37ec97616f69564d5df66ccb099c99a4c7ff89c17aadf59ff5091d927248364e32e8b42a0d6</ManifestVersion>
    <Policies>
        <Policy>Quota-1</Policy>
        <Policy>Spike-Arrest-1</Policy>
        <Policy>Verify-API-Key-1</Policy>
    </Policies>
    <Resources/>
    <Spec></Spec>
    <subType>SharedFlow</subType>
    <SharedFlows>
        <SharedFlow>default</SharedFlow>
    </SharedFlows>
</SharedFlowBundle>
